"age","year","M2"
"1","1993",1.07823940927993
"2","1993",0.137121355163522
"3","1993",0.00422049401458233
"4","1993",0.00355082533231767
"5","1993",0.00631238028535584
"6","1993",0
"7","1993",0
"8","1993",0
"9","1993",0
"10","1993",0
"11","1993",0
"12","1993",0
"13","1993",0
"14","1993",0
"15","1993",0
"16","1993",0
"17","1993",0
"18","1993",0
"19","1993",0
"20","1993",0
"1","1994",0.869763023104475
"2","1994",0.0307709497200221
"3","1994",0.0235330311509064
"4","1994",0.00359628728167074
"5","1994",0.0483031496582876
"6","1994",0
"7","1994",0
"8","1994",0
"9","1994",0
"10","1994",0
"11","1994",0
"12","1994",0
"13","1994",0
"14","1994",0
"15","1994",0
"16","1994",0
"17","1994",0
"18","1994",0
"19","1994",0
"20","1994",0
"1","1995",0.994678343913195
"2","1995",0.0173316775519917
"3","1995",0.0191830066323458
"4","1995",0.020468580598859
"5","1995",0.0250099981503828
"6","1995",0
"7","1995",0
"8","1995",0
"9","1995",0
"10","1995",0
"11","1995",0
"12","1995",0
"13","1995",0
"14","1995",0
"15","1995",0
"16","1995",0
"17","1995",0
"18","1995",0
"19","1995",0
"20","1995",0
"1","1996",0.738936924009182
"2","1996",0.130182867656977
"3","1996",0.0133859988621908
"4","1996",0.014354984619598
"5","1996",0.0174019716340391
"6","1996",0
"7","1996",0
"8","1996",0
"9","1996",0
"10","1996",0
"11","1996",0
"12","1996",0
"13","1996",0
"14","1996",0
"15","1996",0
"16","1996",0
"17","1996",0
"18","1996",0
"19","1996",0
"20","1996",0
"1","1997",0.632039658876726
"2","1997",0.0349772472032989
"3","1997",0.00874982635025964
"4","1997",0.00937785963593396
"5","1997",0.0113902084498205
"6","1997",0
"7","1997",0
"8","1997",0
"9","1997",0
"10","1997",0
"11","1997",0
"12","1997",0
"13","1997",0
"14","1997",0
"15","1997",0
"16","1997",0
"17","1997",0
"18","1997",0
"19","1997",0
"20","1997",0
"1","1998",0.547143623599267
"2","1998",0.0206244703182311
"3","1998",0.0183992345792645
"4","1998",0.00634115216339181
"5","1998",0.0348718959557246
"6","1998",0
"7","1998",0
"8","1998",0
"9","1998",0
"10","1998",0
"11","1998",0
"12","1998",0
"13","1998",0
"14","1998",0
"15","1998",0
"16","1998",0
"17","1998",0
"18","1998",0
"19","1998",0
"20","1998",0
"1","1999",0.453239823774042
"2","1999",0.031892034285535
"3","1999",0.014681175280811
"4","1999",0.0162967268003097
"5","1999",0.0186157085548384
"6","1999",0
"7","1999",0
"8","1999",0
"9","1999",0
"10","1999",0
"11","1999",0
"12","1999",0
"13","1999",0
"14","1999",0
"15","1999",0
"16","1999",0
"17","1999",0
"18","1999",0
"19","1999",0
"20","1999",0
"1","2000",0.597419930744508
"2","2000",0.0128126286940444
"3","2000",0.00611615055460477
"4","2000",0.00667329457336008
"5","2000",0.0078897292325448
"6","2000",0
"7","2000",0
"8","2000",0
"9","2000",0
"10","2000",0
"11","2000",0
"12","2000",0
"13","2000",0
"14","2000",0
"15","2000",0
"16","2000",0
"17","2000",0
"18","2000",0
"19","2000",0
"20","2000",0
"1","2001",0.67700070811003
"2","2001",0.0101564659551468
"3","2001",0.00889977019686558
"4","2001",0.00775112088648413
"5","2001",0.0130694557737739
"6","2001",0
"7","2001",0
"8","2001",0
"9","2001",0
"10","2001",0
"11","2001",0
"12","2001",0
"13","2001",0
"14","2001",0
"15","2001",0
"16","2001",0
"17","2001",0
"18","2001",0
"19","2001",0
"20","2001",0
"1","2002",0.52203469191781
"2","2002",0.0243972527345837
"3","2002",0.00637811827990891
"4","2002",0.00633418042802811
"5","2002",0.00875040751712336
"6","2002",0
"7","2002",0
"8","2002",0
"9","2002",0
"10","2002",0
"11","2002",0
"12","2002",0
"13","2002",0
"14","2002",0
"15","2002",0
"16","2002",0
"17","2002",0
"18","2002",0
"19","2002",0
"20","2002",0
"1","2003",0.703654600907768
"2","2003",0.0232685891859941
"3","2003",0.00530808472384413
"4","2003",0.00569657329661081
"5","2003",0.00692983600917286
"6","2003",0
"7","2003",0
"8","2003",0
"9","2003",0
"10","2003",0
"11","2003",0
"12","2003",0
"13","2003",0
"14","2003",0
"15","2003",0
"16","2003",0
"17","2003",0
"18","2003",0
"19","2003",0
"20","2003",0
"1","2004",0.579680653211588
"2","2004",0.0164611147258522
"3","2004",0.00491340399414074
"4","2004",0.00428357865451153
"5","2004",0.00722275845871776
"6","2004",0
"7","2004",0
"8","2004",0
"9","2004",0
"10","2004",0
"11","2004",0
"12","2004",0
"13","2004",0
"14","2004",0
"15","2004",0
"16","2004",0
"17","2004",0
"18","2004",0
"19","2004",0
"20","2004",0
"1","2005",0.772308235302537
"2","2005",0.0235703207550904
"3","2005",0.00639394633332815
"4","2005",0.00605517791326993
"5","2005",0.00898228847952749
"6","2005",0
"7","2005",0
"8","2005",0
"9","2005",0
"10","2005",0
"11","2005",0
"12","2005",0
"13","2005",0
"14","2005",0
"15","2005",0
"16","2005",0
"17","2005",0
"18","2005",0
"19","2005",0
"20","2005",0
"1","2006",0.826591656720539
"2","2006",0.0224579710404537
"3","2006",0.00454643236844575
"4","2006",0.00457336270402403
"5","2006",0.00617403786019109
"6","2006",0
"7","2006",0
"8","2006",0
"9","2006",0
"10","2006",0
"11","2006",0
"12","2006",0
"13","2006",0
"14","2006",0
"15","2006",0
"16","2006",0
"17","2006",0
"18","2006",0
"19","2006",0
"20","2006",0
"1","2007",0.631719456149812
"2","2007",0.0312201326760275
"3","2007",0.00406114596927349
"4","2007",0.00317913283082794
"5","2007",0.00625661523045893
"6","2007",0
"7","2007",0
"8","2007",0
"9","2007",0
"10","2007",0
"11","2007",0
"12","2007",0
"13","2007",0
"14","2007",0
"15","2007",0
"16","2007",0
"17","2007",0
"18","2007",0
"19","2007",0
"20","2007",0
"1","2008",0.440011099749198
"2","2008",0.0498156431752748
"3","2008",0.00388687505943425
"4","2008",0.00308424131278954
"5","2008",0.00595251693806456
"6","2008",0
"7","2008",0
"8","2008",0
"9","2008",0
"10","2008",0
"11","2008",0
"12","2008",0
"13","2008",0
"14","2008",0
"15","2008",0
"16","2008",0
"17","2008",0
"18","2008",0
"19","2008",0
"20","2008",0
"1","2009",0.326730357464202
"2","2009",0.0075841070595934
"3","2009",0.0027036273741533
"4","2009",0.00247396896811395
"5","2009",0.00388113653644523
"6","2009",0
"7","2009",0
"8","2009",0
"9","2009",0
"10","2009",0
"11","2009",0
"12","2009",0
"13","2009",0
"14","2009",0
"15","2009",0
"16","2009",0
"17","2009",0
"18","2009",0
"19","2009",0
"20","2009",0
"1","2010",0.448621225641183
"2","2010",0.0101226901614202
"3","2010",0.00281660199164171
"4","2010",0.00246506479707629
"5","2010",0.00413640705713582
"6","2010",0
"7","2010",0
"8","2010",0
"9","2010",0
"10","2010",0
"11","2010",0
"12","2010",0
"13","2010",0
"14","2010",0
"15","2010",0
"16","2010",0
"17","2010",0
"18","2010",0
"19","2010",0
"20","2010",0
"1","2011",0.49551595816458
"2","2011",0.032782212888461
"3","2011",0.0019478283510585
"4","2011",0.00188656685758723
"5","2011",0.00274186907642338
"6","2011",0
"7","2011",0
"8","2011",0
"9","2011",0
"10","2011",0
"11","2011",0
"12","2011",0
"13","2011",0
"14","2011",0
"15","2011",0
"16","2011",0
"17","2011",0
"18","2011",0
"19","2011",0
"20","2011",0
"1","2012",0.608671218765043
"2","2012",0.0162610205050496
"3","2012",0.0034048936048268
"4","2012",0.00276741721803121
"5","2012",0.00519440531304939
"6","2012",0
"7","2012",0
"8","2012",0
"9","2012",0
"10","2012",0
"11","2012",0
"12","2012",0
"13","2012",0
"14","2012",0
"15","2012",0
"16","2012",0
"17","2012",0
"18","2012",0
"19","2012",0
"20","2012",0
"1","2013",0.438869204505712
"2","2013",0.0145585188144317
"3","2013",0.00803100016617294
"4","2013",0.00261433347163067
"5","2013",0.0153937934070502
"6","2013",0
"7","2013",0
"8","2013",0
"9","2013",0
"10","2013",0
"11","2013",0
"12","2013",0
"13","2013",0
"14","2013",0
"15","2013",0
"16","2013",0
"17","2013",0
"18","2013",0
"19","2013",0
"20","2013",0
"1","2014",0.682731465035931
"2","2014",0.0122438556859061
"3","2014",0.00737399279520812
"4","2014",0.00794119290595587
"5","2014",0.00958731631967272
"6","2014",0
"7","2014",0
"8","2014",0
"9","2014",0
"10","2014",0
"11","2014",0
"12","2014",0
"13","2014",0
"14","2014",0
"15","2014",0
"16","2014",0
"17","2014",0
"18","2014",0
"19","2014",0
"20","2014",0
"1","2015",0.652673184180729
"2","2015",0.012339904025485
"3","2015",0.00465042453186257
"4","2015",0.00501042747999781
"5","2015",0.00606778626039382
"6","2015",0
"7","2015",0
"8","2015",0
"9","2015",0
"10","2015",0
"11","2015",0
"12","2015",0
"13","2015",0
"14","2015",0
"15","2015",0
"16","2015",0
"17","2015",0
"18","2015",0
"19","2015",0
"20","2015",0
"1","2016",0.946973576327818
"2","2016",0.0137549857621538
"3","2016",0.00640337838115667
"4","2016",0.00721740821881945
"5","2016",0.00806898501992357
"6","2016",0
"7","2016",0
"8","2016",0
"9","2016",0
"10","2016",0
"11","2016",0
"12","2016",0
"13","2016",0
"14","2016",0
"15","2016",0
"16","2016",0
"17","2016",0
"18","2016",0
"19","2016",0
"20","2016",0
"1","2017",1.02320977291694
"2","2017",0.0263868145716397
"3","2017",0.00408878862863305
"4","2017",0.00372628736772518
"5","2017",0.00590269970545145
"6","2017",0
"7","2017",0
"8","2017",0
"9","2017",0
"10","2017",0
"11","2017",0
"12","2017",0
"13","2017",0
"14","2017",0
"15","2017",0
"16","2017",0
"17","2017",0
"18","2017",0
"19","2017",0
"20","2017",0
"1","2018",1.06980343519042
"2","2018",0.0415072765323953
"3","2018",0.00439006975182089
"4","2018",0.00426812761021049
"5","2018",0.00610835545265017
"6","2018",0
"7","2018",0
"8","2018",0
"9","2018",0
"10","2018",0
"11","2018",0
"12","2018",0
"13","2018",0
"14","2018",0
"15","2018",0
"16","2018",0
"17","2018",0
"18","2018",0
"19","2018",0
"20","2018",0
"1","2019",0.801940174545729
"2","2019",0.0764961436592094
"3","2019",0.00426223388404562
"4","2019",0.00343370539121158
"5","2019",0.00650541555322014
"6","2019",0
"7","2019",0
"8","2019",0
"9","2019",0
"10","2019",0
"11","2019",0
"12","2019",0
"13","2019",0
"14","2019",0
"15","2019",0
"16","2019",0
"17","2019",0
"18","2019",0
"19","2019",0
"20","2019",0
"1","2020",0.685777837417349
"2","2020",0.0293827395760013
"3","2020",0.00477310077521128
"4","2020",0.00387827358803828
"5","2020",0.00724188293137206
"6","2020",0
"7","2020",0
"8","2020",0
"9","2020",0
"10","2020",0
"11","2020",0
"12","2020",0
"13","2020",0
"14","2020",0
"15","2020",0
"16","2020",0
"17","2020",0
"18","2020",0
"19","2020",0
"20","2020",0
"1","2021",0.791740733400135
"2","2021",0.0198072281600894
"3","2021",0.00299406004685837
"4","2021",0.00292654408724236
"5","2021",0.00415568367523715
"6","2021",0
"7","2021",0
"8","2021",0
"9","2021",0
"10","2021",0
"11","2021",0
"12","2021",0
"13","2021",0
"14","2021",0
"15","2021",0
"16","2021",0
"17","2021",0
"18","2021",0
"19","2021",0
"20","2021",0
"1","2022",0.809502217442694
"2","2022",0.0575859260692289
"3","2022",0.00371201753797147
"4","2022",0.00247637949962652
"5","2022",0.00610467385269699
"6","2022",0
"7","2022",0
"8","2022",0
"9","2022",0
"10","2022",0
"11","2022",0
"12","2022",0
"13","2022",0
"14","2022",0
"15","2022",0
"16","2022",0
"17","2022",0
"18","2022",0
"19","2022",0
"20","2022",0
"1","2023",0.846306877059924
"2","2023",0.0382699203868086
"3","2023",0.00473168373007062
"4","2023",0.00387721031057318
"5","2023",0.00718763734320513
"6","2023",0
"7","2023",0
"8","2023",0
"9","2023",0
"10","2023",0
"11","2023",0
"12","2023",0
"13","2023",0
"14","2023",0
"15","2023",0
"16","2023",0
"17","2023",0
"18","2023",0
"19","2023",0
"20","2023",0
"1","2024",0.843416363283082
"2","2024",0.0221850495998218
"3","2024",0.01332402411359
"4","2024",0.00429653310662109
"5","2024",0.0255566561695931
"6","2024",0
"7","2024",0
"8","2024",0
"9","2024",0
"10","2024",0
"11","2024",0
"12","2024",0
"13","2024",0
"14","2024",0
"15","2024",0
"16","2024",0
"17","2024",0
"18","2024",0
"19","2024",0
"20","2024",0
"1","2025",1.12478311496765
"2","2025",0.0351706385058934
"3","2025",0.0127889254239938
"4","2025",0.0136747419768679
"5","2025",0.0167076691850724
"6","2025",0
"7","2025",0
"8","2025",0
"9","2025",0
"10","2025",0
"11","2025",0
"12","2025",0
"13","2025",0
"14","2025",0
"15","2025",0
"16","2025",0
"17","2025",0
"18","2025",0
"19","2025",0
"20","2025",0
"1","2026",1.22399776880087
"2","2026",0.0788862714222557
"3","2026",0.0129557715540047
"4","2026",0.0137707120219971
"5","2026",0.0169918791483512
"6","2026",0
"7","2026",0
"8","2026",0
"9","2026",0
"10","2026",0
"11","2026",0
"12","2026",0
"13","2026",0
"14","2026",0
"15","2026",0
"16","2026",0
"17","2026",0
"18","2026",0
"19","2026",0
"20","2026",0
"1","2027",1.94186362276716
"2","2027",0.0352269232296245
"3","2027",0.015196917852588
"4","2027",0.0163793757801249
"5","2027",0.0197311562737515
"6","2027",0
"7","2027",0
"8","2027",0
"9","2027",0
"10","2027",0
"11","2027",0
"12","2027",0
"13","2027",0
"14","2027",0
"15","2027",0
"16","2027",0
"17","2027",0
"18","2027",0
"19","2027",0
"20","2027",0
"1","2028",2.61361672854235
"2","2028",0.123790743380068
"3","2028",0.0295501597771368
"4","2028",0.017542994902529
"5","2028",0.0500088814427098
"6","2028",0
"7","2028",0
"8","2028",0
"9","2028",0
"10","2028",0
"11","2028",0
"12","2028",0
"13","2028",0
"14","2028",0
"15","2028",0
"16","2028",0
"17","2028",0
"18","2028",0
"19","2028",0
"20","2028",0
"1","2029",2.99431087256773
"2","2029",0.194902937029894
"3","2029",0.032911664931931
"4","2029",0.0362298667420294
"5","2029",0.0419998714512333
"6","2029",0
"7","2029",0
"8","2029",0
"9","2029",0
"10","2029",0
"11","2029",0
"12","2029",0
"13","2029",0
"14","2029",0
"15","2029",0
"16","2029",0
"17","2029",0
"18","2029",0
"19","2029",0
"20","2029",0
"1","2030",2.93737447126569
"2","2030",0.269767271618489
"3","2030",0.0494149996068346
"4","2030",0.0359715548489271
"5","2030",0.0781188589884185
"6","2030",0
"7","2030",0
"8","2030",0
"9","2030",0
"10","2030",0
"11","2030",0
"12","2030",0
"13","2030",0
"14","2030",0
"15","2030",0
"16","2030",0
"17","2030",0
"18","2030",0
"19","2030",0
"20","2030",0
"1","2031",3.07287759111755
"2","2031",0.1667817831449
"3","2031",0.0602705466756125
"4","2031",0.059743740668748
"5","2031",0.0822530372804133
"6","2031",0
"7","2031",0
"8","2031",0
"9","2031",0
"10","2031",0
"11","2031",0
"12","2031",0
"13","2031",0
"14","2031",0
"15","2031",0
"16","2031",0
"17","2031",0
"18","2031",0
"19","2031",0
"20","2031",0
"1","2032",3.68574420709294
"2","2032",0.38211365340591
"3","2032",0.0649195872400457
"4","2032",0.066303710986755
"5","2032",0.0869871777528084
"6","2032",0
"7","2032",0
"8","2032",0
"9","2032",0
"10","2032",0
"11","2032",0
"12","2032",0
"13","2032",0
"14","2032",0
"15","2032",0
"16","2032",0
"17","2032",0
"18","2032",0
"19","2032",0
"20","2032",0
"1","2033",3.49992938362649
"2","2033",0.751294036867606
"3","2033",0.0663848425275777
"4","2033",0.068607167246273
"5","2033",0.0882788801269744
"6","2033",0
"7","2033",0
"8","2033",0
"9","2033",0
"10","2033",0
"11","2033",0
"12","2033",0
"13","2033",0
"14","2033",0
"15","2033",0
"16","2033",0
"17","2033",0
"18","2033",0
"19","2033",0
"20","2033",0
"1","2034",3.15752278368841
"2","2034",0.589292749235594
"3","2034",0.13079167117029
"4","2034",0.0701113840113183
"5","2034",0.227204748067567
"6","2034",0
"7","2034",0
"8","2034",0
"9","2034",0
"10","2034",0
"11","2034",0
"12","2034",0
"13","2034",0
"14","2034",0
"15","2034",0
"16","2034",0
"17","2034",0
"18","2034",0
"19","2034",0
"20","2034",0
"1","2035",2.96678071388405
"2","2035",0.404541601258007
"3","2035",0.281773368088682
"4","2035",0.157162027401121
"5","2035",0.484414493511022
"6","2035",0
"7","2035",0
"8","2035",0
"9","2035",0
"10","2035",0
"11","2035",0
"12","2035",0
"13","2035",0
"14","2035",0
"15","2035",0
"16","2035",0
"17","2035",0
"18","2035",0
"19","2035",0
"20","2035",0
"1","2036",2.90353933992126
"2","2036",0.268485570924332
"3","2036",0.374257759638149
"4","2036",0.334794667646964
"5","2036",0.540072191091155
"6","2036",0
"7","2036",0
"8","2036",0
"9","2036",0
"10","2036",0
"11","2036",0
"12","2036",0
"13","2036",0
"14","2036",0
"15","2036",0
"16","2036",0
"17","2036",0
"18","2036",0
"19","2036",0
"20","2036",0
"1","2037",2.65691117419539
"2","2037",0.217245414103445
"3","2037",0.394593491936617
"4","2037",0.40097170003877
"5","2037",0.530079454208574
"6","2037",0
"7","2037",0
"8","2037",0
"9","2037",0
"10","2037",0
"11","2037",0
"12","2037",0
"13","2037",0
"14","2037",0
"15","2037",0
"16","2037",0
"17","2037",0
"18","2037",0
"19","2037",0
"20","2037",0
"1","2038",2.3940514698637
"2","2038",0.140378800333111
"3","2038",0.390170585547086
"4","2038",0.409179012641432
"5","2038",0.513725760602918
"6","2038",0
"7","2038",0
"8","2038",0
"9","2038",0
"10","2038",0
"11","2038",0
"12","2038",0
"13","2038",0
"14","2038",0
"15","2038",0
"16","2038",0
"17","2038",0
"18","2038",0
"19","2038",0
"20","2038",0
"1","2039",2.16088927906315
"2","2039",0.0869354995737047
"3","2039",0.379212994416724
"4","2039",0.399954092880832
"5","2039",0.497441307931629
"6","2039",0
"7","2039",0
"8","2039",0
"9","2039",0
"10","2039",0
"11","2039",0
"12","2039",0
"13","2039",0
"14","2039",0
"15","2039",0
"16","2039",0
"17","2039",0
"18","2039",0
"19","2039",0
"20","2039",0
"1","2040",1.97971817766345
"2","2040",0.054242581037958
"3","2040",0.352156729076625
"4","2040",0.386730699707941
"5","2040",0.449401043650556
"6","2040",0
"7","2040",0
"8","2040",0
"9","2040",0
"10","2040",0
"11","2040",0
"12","2040",0
"13","2040",0
"14","2040",0
"15","2040",0
"16","2040",0
"17","2040",0
"18","2040",0
"19","2040",0
"20","2040",0
"1","2041",1.80287734540963
"2","2041",0.0491928652314394
"3","2041",0.315909850784546
"4","2041",0.353537460325575
"5","2041",0.397729928707088
"6","2041",0
"7","2041",0
"8","2041",0
"9","2041",0
"10","2041",0
"11","2041",0
"12","2041",0
"13","2041",0
"14","2041",0
"15","2041",0
"16","2041",0
"17","2041",0
"18","2041",0
"19","2041",0
"20","2041",0
"1","2042",1.64801324932205
"2","2042",0.0371278160632884
"3","2042",0.279929100694705
"4","2042",0.315017052500354
"5","2042",0.351005567061728
"6","2042",0
"7","2042",0
"8","2042",0
"9","2042",0
"10","2042",0
"11","2042",0
"12","2042",0
"13","2042",0
"14","2042",0
"15","2042",0
"16","2042",0
"17","2042",0
"18","2042",0
"19","2042",0
"20","2042",0
"1","2043",1.54396776179217
"2","2043",0.0248890576395661
"3","2043",0.2486008359968
"4","2043",0.27840072933776
"5","2043",0.31284603254551
"6","2043",0
"7","2043",0
"8","2043",0
"9","2043",0
"10","2043",0
"11","2043",0
"12","2043",0
"13","2043",0
"14","2043",0
"15","2043",0
"16","2043",0
"17","2043",0
"18","2043",0
"19","2043",0
"20","2043",0
"1","2044",1.48516409222522
"2","2044",0.0228660775313656
"3","2044",0.218806592114992
"4","2044",0.247366416913797
"5","2044",0.273449907295402
"6","2044",0
"7","2044",0
"8","2044",0
"9","2044",0
"10","2044",0
"11","2044",0
"12","2044",0
"13","2044",0
"14","2044",0
"15","2044",0
"16","2044",0
"17","2044",0
"18","2044",0
"19","2044",0
"20","2044",0
"1","2045",1.46704277982741
"2","2045",0.0277143419348098
"3","2045",0.18993204633454
"4","2045",0.217091383706736
"5","2045",0.235433463112213
"6","2045",0
"7","2045",0
"8","2045",0
"9","2045",0
"10","2045",0
"11","2045",0
"12","2045",0
"13","2045",0
"14","2045",0
"15","2045",0
"16","2045",0
"17","2045",0
"18","2045",0
"19","2045",0
"20","2045",0
"1","2046",1.48413814889865
"2","2046",0.03620047578081
"3","2046",0.164936247615541
"4","2046",0.188016115304746
"5","2046",0.204875091616834
"6","2046",0
"7","2046",0
"8","2046",0
"9","2046",0
"10","2046",0
"11","2046",0
"12","2046",0
"13","2046",0
"14","2046",0
"15","2046",0
"16","2046",0
"17","2046",0
"18","2046",0
"19","2046",0
"20","2046",0
"1","2047",1.54273257215742
"2","2047",0.0449536089360294
"3","2047",0.144482488105178
"4","2047",0.163581543606969
"5","2047",0.180397664021693
"6","2047",0
"7","2047",0
"8","2047",0
"9","2047",0
"10","2047",0
"11","2047",0
"12","2047",0
"13","2047",0
"14","2047",0
"15","2047",0
"16","2047",0
"17","2047",0
"18","2047",0
"19","2047",0
"20","2047",0
"1","2048",1.63903434047049
"2","2048",0.0576326359369835
"3","2048",0.128073654281811
"4","2048",0.143749307424814
"5","2048",0.160950670589085
"6","2048",0
"7","2048",0
"8","2048",0
"9","2048",0
"10","2048",0
"11","2048",0
"12","2048",0
"13","2048",0
"14","2048",0
"15","2048",0
"16","2048",0
"17","2048",0
"18","2048",0
"19","2048",0
"20","2048",0
"1","2049",1.76949488780891
"2","2049",0.0735170368946143
"3","2049",0.114937749817842
"4","2049",0.127900788220694
"5","2049",0.145361092266926
"6","2049",0
"7","2049",0
"8","2049",0
"9","2049",0
"10","2049",0
"11","2049",0
"12","2049",0
"13","2049",0
"14","2049",0
"15","2049",0
"16","2049",0
"17","2049",0
"18","2049",0
"19","2049",0
"20","2049",0
"1","2050",1.92913791794502
"2","2050",0.0921145686675294
"3","2050",0.105326150591394
"4","2050",0.115218615259895
"5","2050",0.134845889213933
"6","2050",0
"7","2050",0
"8","2050",0
"9","2050",0
"10","2050",0
"11","2050",0
"12","2050",0
"13","2050",0
"14","2050",0
"15","2050",0
"16","2050",0
"17","2050",0
"18","2050",0
"19","2050",0
"20","2050",0
"1","2051",2.11545284291371
"2","2051",0.112467300091321
"3","2051",0.0992377603050556
"4","2051",0.106184046582086
"5","2051",0.129008109028551
"6","2051",0
"7","2051",0
"8","2051",0
"9","2051",0
"10","2051",0
"11","2051",0
"12","2051",0
"13","2051",0
"14","2051",0
"15","2051",0
"16","2051",0
"17","2051",0
"18","2051",0
"19","2051",0
"20","2051",0
"1","2052",2.32424561717046
"2","2052",0.134974321855369
"3","2052",0.0964748946895361
"4","2052",0.100700007800149
"5","2052",0.127497033799189
"6","2052",0
"7","2052",0
"8","2052",0
"9","2052",0
"10","2052",0
"11","2052",0
"12","2052",0
"13","2052",0
"14","2052",0
"15","2052",0
"16","2052",0
"17","2052",0
"18","2052",0
"19","2052",0
"20","2052",0
"1","2053",2.55105861688868
"2","2053",0.159162840472457
"3","2053",0.0967801845913896
"4","2053",0.0985552078839105
"5","2053",0.129925702021468
"6","2053",0
"7","2053",0
"8","2053",0
"9","2053",0
"10","2053",0
"11","2053",0
"12","2053",0
"13","2053",0
"14","2053",0
"15","2053",0
"16","2053",0
"17","2053",0
"18","2053",0
"19","2053",0
"20","2053",0
"1","2054",2.79156282253553
"2","2054",0.184403553906235
"3","2054",0.100075431393185
"4","2054",0.0994900066661494
"5","2054",0.136336703954871
"6","2054",0
"7","2054",0
"8","2054",0
"9","2054",0
"10","2054",0
"11","2054",0
"12","2054",0
"13","2054",0
"14","2054",0
"15","2054",0
"16","2054",0
"17","2054",0
"18","2054",0
"19","2054",0
"20","2054",0
"1","2055",3.0418416627428
"2","2055",0.210127480490422
"3","2055",0.106221930110073
"4","2055",0.103472262590105
"5","2055",0.146454482267895
"6","2055",0
"7","2055",0
"8","2055",0
"9","2055",0
"10","2055",0
"11","2055",0
"12","2055",0
"13","2055",0
"14","2055",0
"15","2055",0
"16","2055",0
"17","2055",0
"18","2055",0
"19","2055",0
"20","2055",0
"1","2056",3.29825541559335
"2","2056",0.23593251976593
"3","2056",0.114980323062491
"4","2056",0.110350445606273
"5","2056",0.159882310241323
"6","2056",0
"7","2056",0
"8","2056",0
"9","2056",0
"10","2056",0
"11","2056",0
"12","2056",0
"13","2056",0
"14","2056",0
"15","2056",0
"16","2056",0
"17","2056",0
"18","2056",0
"19","2056",0
"20","2056",0
"1","2057",3.55744453725868
"2","2057",0.261467178438273
"3","2057",0.126077457978484
"4","2057",0.119871855918296
"5","2057",0.176232855419197
"6","2057",0
"7","2057",0
"8","2057",0
"9","2057",0
"10","2057",0
"11","2057",0
"12","2057",0
"13","2057",0
"14","2057",0
"15","2057",0
"16","2057",0
"17","2057",0
"18","2057",0
"19","2057",0
"20","2057",0
"1","2058",3.8164370099104
"2","2058",0.286397502106841
"3","2058",0.139237422073416
"4","2058",0.131759571249711
"5","2058",0.195132641665395
"6","2058",0
"7","2058",0
"8","2058",0
"9","2058",0
"10","2058",0
"11","2058",0
"12","2058",0
"13","2058",0
"14","2058",0
"15","2058",0
"16","2058",0
"17","2058",0
"18","2058",0
"19","2058",0
"20","2058",0
"1","2059",4.0726694774437
"2","2059",0.310448428503768
"3","2059",0.154177916757983
"4","2059",0.145735332105065
"5","2059",0.216195399516547
"6","2059",0
"7","2059",0
"8","2059",0
"9","2059",0
"10","2059",0
"11","2059",0
"12","2059",0
"13","2059",0
"14","2059",0
"15","2059",0
"16","2059",0
"17","2059",0
"18","2059",0
"19","2059",0
"20","2059",0
"1","2060",4.3239853254543
"2","2060",0.33340980510911
"3","2060",0.170607623580699
"4","2060",0.161511008417431
"5","2060",0.239023328039292
"6","2060",0
"7","2060",0
"8","2060",0
"9","2060",0
"10","2060",0
"11","2060",0
"12","2060",0
"13","2060",0
"14","2060",0
"15","2060",0
"16","2060",0
"17","2060",0
"18","2060",0
"19","2060",0
"20","2060",0
"1","2061",4.56861060839751
"2","2061",0.35513257779434
"3","2061",0.188236240210842
"4","2061",0.178787257347857
"5","2061",0.263230034488852
"6","2061",0
"7","2061",0
"8","2061",0
"9","2061",0
"10","2061",0
"11","2061",0
"12","2061",0
"13","2061",0
"14","2061",0
"15","2061",0
"16","2061",0
"17","2061",0
"18","2061",0
"19","2061",0
"20","2061",0
"1","2062",4.80512807238736
"2","2062",0.375518699476537
"3","2062",0.206783147551193
"4","2062",0.197266280295796
"5","2062",0.288448937888397
"6","2062",0
"7","2062",0
"8","2062",0
"9","2062",0
"10","2062",0
"11","2062",0
"12","2062",0
"13","2062",0
"14","2062",0
"15","2062",0
"16","2062",0
"17","2062",0
"18","2062",0
"19","2062",0
"20","2062",0
"1","2063",5.03244613411294
"2","2063",0.394513929970553
"3","2063",0.225983080898164
"4","2063",0.216660368979177
"5","2063",0.31433860454158
"6","2063",0
"7","2063",0
"8","2063",0
"9","2063",0
"10","2063",0
"11","2063",0
"12","2063",0
"13","2063",0
"14","2063",0
"15","2063",0
"16","2063",0
"17","2063",0
"18","2063",0
"19","2063",0
"20","2063",0
"1","2064",5.24976359790682
"2","2064",0.412101261927594
"3","2064",0.245590029133015
"4","2064",0.236697599083333
"5","2064",0.340586565591181
"6","2064",0
"7","2064",0
"8","2064",0
"9","2064",0
"10","2064",0
"11","2064",0
"12","2064",0
"13","2064",0
"14","2064",0
"15","2064",0
"16","2064",0
"17","2064",0
"18","2064",0
"19","2064",0
"20","2064",0
"1","2065",5.45653343343948
"2","2065",0.428293899417688
"3","2065",0.265380060807444
"4","2065",0.25712586730374
"5","2065",0.366912157291428
"6","2065",0
"7","2065",0
"8","2065",0
"9","2065",0
"10","2065",0
"11","2065",0
"12","2065",0
"13","2065",0
"14","2065",0
"15","2065",0
"16","2065",0
"17","2065",0
"18","2065",0
"19","2065",0
"20","2065",0
"1","2066",5.65242714617846
"2","2066",0.443128631154192
"3","2066",0.285153187731451
"4","2066",0.277715883216998
"5","2066",0.393068123500834
"6","2066",0
"7","2066",0
"8","2066",0
"9","2066",0
"10","2066",0
"11","2066",0
"12","2066",0
"13","2066",0
"14","2066",0
"15","2066",0
"16","2066",0
"17","2066",0
"18","2066",0
"19","2066",0
"20","2066",0
"1","2067",5.83730112644042
"2","2067",0.456659820742915
"3","2067",0.304734194885354
"4","2067",0.298263132157091
"5","2067",0.418840812241252
"6","2067",0
"7","2067",0
"8","2067",0
"9","2067",0
"10","2067",0
"11","2067",0
"12","2067",0
"13","2067",0
"14","2067",0
"15","2067",0
"16","2067",0
"17","2067",0
"18","2067",0
"19","2067",0
"20","2067",0
"1","2068",6.01116559799942
"2","2068",0.468954230589606
"3","2068",0.323972605669032
"4","2068",0.318588718017138
"5","2068",0.444049408783552
"6","2068",0
"7","2068",0
"8","2068",0
"9","2068",0
"10","2068",0
"11","2068",0
"12","2068",0
"13","2068",0
"14","2068",0
"15","2068",0
"16","2068",0
"17","2068",0
"18","2068",0
"19","2068",0
"20","2068",0
"1","2069",6.17415655909422
"2","2069",0.480086680250324
"3","2069",0.342741961289297
"4","2069",0.338539309661084
"5","2069",0.468544411005948
"6","2069",0
"7","2069",0
"8","2069",0
"9","2069",0
"10","2069",0
"11","2069",0
"12","2069",0
"13","2069",0
"14","2069",0
"15","2069",0
"16","2069",0
"17","2069",0
"18","2069",0
"19","2069",0
"20","2069",0
"1","2070",6.32651085400592
"2","2070",0.490136506332386
"3","2070",0.360938580511241
"4","2070",0.35798637291057
"5","2070",0.492205559601222
"6","2070",0
"7","2070",0
"8","2070",0
"9","2070",0
"10","2070",0
"11","2070",0
"12","2070",0
"13","2070",0
"14","2070",0
"15","2070",0
"16","2070",0
"17","2070",0
"18","2070",0
"19","2070",0
"20","2070",0
"1","2071",6.46854434278079
"2","2071",0.499184754877551
"3","2071",0.378479951334685
"4","2071",0.376824863701023
"5","2071",0.514939409017594
"6","2071",0
"7","2071",0
"8","2071",0
"9","2071",0
"10","2071",0
"11","2071",0
"12","2071",0
"13","2071",0
"14","2071",0
"15","2071",0
"16","2071",0
"17","2071",0
"18","2071",0
"19","2071",0
"20","2071",0
"1","2072",6.60063302458016
"2","2072",0.50731201852317
"3","2072",0.395302886301453
"4","2072",0.394971541771805
"5","2072",0.536676695111933
"6","2072",0
"7","2072",0
"8","2072",0
"9","2072",0
"10","2072",0
"11","2072",0
"12","2072",0
"13","2072",0
"14","2072",0
"15","2072",0
"16","2072",0
"17","2072",0
"18","2072",0
"19","2072",0
"20","2072",0
"1","2073",6.72319690231718
"2","2073",0.514596824439762
"3","2073",0.411361551311162
"4","2073",0.412363042816238
"5","2073",0.557369625565808
"6","2073",0
"7","2073",0
"8","2073",0
"9","2073",0
"10","2073",0
"11","2073",0
"12","2073",0
"13","2073",0
"14","2073",0
"15","2073",0
"16","2073",0
"17","2073",0
"18","2073",0
"19","2073",0
"20","2073",0
"1","2074",6.83668634063773
"2","2074",0.521114480882214
"3","2074",0.426625456197299
"4","2074",0.428953823709599
"5","2074",0.576989191158552
"6","2074",0
"7","2074",0
"8","2074",0
"9","2074",0
"10","2074",0
"11","2074",0
"12","2074",0
"13","2074",0
"14","2074",0
"15","2074",0
"16","2074",0
"17","2074",0
"18","2074",0
"19","2074",0
"20","2074",0
"1","2075",6.94157065625228
"2","2075",0.526936296960443
"3","2075",0.44107747524544
"4","2075",0.444714072501782
"5","2075",0.595522571112996
"6","2075",0
"7","2075",0
"8","2075",0
"9","2075",0
"10","2075",0
"11","2075",0
"12","2075",0
"13","2075",0
"14","2075",0
"15","2075",0
"16","2075",0
"17","2075",0
"18","2075",0
"19","2075",0
"20","2075",0
"1","2076",7.03832868169261
"2","2076",0.532129099609815
"3","2076",0.454711948064205
"4","2076",0.459627653690934
"5","2076",0.612970684409829
"6","2076",0
"7","2076",0
"8","2076",0
"9","2076",0
"10","2076",0
"11","2076",0
"12","2076",0
"13","2076",0
"14","2076",0
"15","2076",0
"16","2076",0
"17","2076",0
"18","2076",0
"19","2076",0
"20","2076",0
"1","2077",7.12744105523014
"2","2077",0.536754982120512
"3","2077",0.467532896057873
"4","2077",0.473690140631624
"5","2077",0.629345921270342
"6","2077",0
"7","2077",0
"8","2077",0
"9","2077",0
"10","2077",0
"11","2077",0
"12","2077",0
"13","2077",0
"14","2077",0
"15","2077",0
"16","2077",0
"17","2077",0
"18","2077",0
"19","2077",0
"20","2077",0
"1","2078",7.2093840069805
"2","2078",0.540871228927236
"3","2078",0.479552377220698
"4","2078",0.486906971073911
"5","2078",0.644670074740756
"6","2078",0
"7","2078",0
"8","2078",0
"9","2078",0
"10","2078",0
"11","2078",0
"12","2078",0
"13","2078",0
"14","2078",0
"15","2078",0
"16","2078",0
"17","2078",0
"18","2078",0
"19","2078",0
"20","2078",0
"1","2079",7.2846244313616
"2","2079",0.544530371038757
"3","2079",0.490788991921337
"4","2079",0.499291748778666
"5","2079",0.658972481135531
"6","2079",0
"7","2079",0
"8","2079",0
"9","2079",0
"10","2079",0
"11","2079",0
"12","2079",0
"13","2079",0
"14","2079",0
"15","2079",0
"16","2079",0
"17","2079",0
"18","2079",0
"19","2079",0
"20","2079",0
"1","2080",7.35361605720357
"2","2080",0.547780335166432
"3","2080",0.501266544516875
"4","2080",0.510864703727712
"5","2080",0.672288369607091
"6","2080",0
"7","2080",0
"8","2080",0
"9","2080",0
"10","2080",0
"11","2080",0
"12","2080",0
"13","2080",0
"14","2080",0
"15","2080",0
"16","2080",0
"17","2080",0
"18","2080",0
"19","2080",0
"20","2080",0
"1","2081",7.41679654771587
"2","2081",0.550664657155487
"3","2081",0.511012859730934
"4","2081",0.521651315363274
"5","2081",0.684657414885996
"6","2081",0
"7","2081",0
"8","2081",0
"9","2081",0
"10","2081",0
"11","2081",0
"12","2081",0
"13","2081",0
"14","2081",0
"15","2081",0
"16","2081",0
"17","2081",0
"18","2081",0
"19","2081",0
"20","2081",0
"1","2082",7.47458538245528
"2","2082",0.55322273672299
"3","2082",0.520058748442908
"4","2082",0.531681097225885
"5","2082",0.696122482877323
"6","2082",0
"7","2082",0
"8","2082",0
"9","2082",0
"10","2082",0
"11","2082",0
"12","2082",0
"13","2082",0
"14","2082",0
"15","2082",0
"16","2082",0
"17","2082",0
"18","2082",0
"19","2082",0
"20","2082",0
"1","2083",7.52738239198587
"2","2083",0.555490115828511
"3","2083",0.528437114573594
"4","2083",0.540986536984605
"5","2083",0.706728555940486
"6","2083",0
"7","2083",0
"8","2083",0
"9","2083",0
"10","2083",0
"11","2083",0
"12","2083",0
"13","2083",0
"14","2083",0
"15","2083",0
"16","2083",0
"17","2083",0
"18","2083",0
"19","2083",0
"20","2083",0
"1","2084",7.57556683287161
"2","2084",0.557498767354148
"3","2084",0.536182192852093
"4","2084",0.549602182857505
"5","2084",0.716521822999992
"6","2084",0
"7","2084",0
"8","2084",0
"9","2084",0
"10","2084",0
"11","2084",0
"12","2084",0
"13","2084",0
"14","2084",0
"15","2084",0
"16","2084",0
"17","2084",0
"18","2084",0
"19","2084",0
"20","2084",0
"1","2085",7.61949690593245
"2","2085",0.55927738427364
"3","2085",0.543328906178343
"4","2085",0.557563865523922
"5","2085",0.725548918859853
"6","2085",0
"7","2085",0
"8","2085",0
"9","2085",0
"10","2085",0
"11","2085",0
"12","2085",0
"13","2085",0
"14","2085",0
"15","2085",0
"16","2085",0
"17","2085",0
"18","2085",0
"19","2085",0
"20","2085",0
"1","2086",7.65950963435007
"2","2086",0.560851662271283
"3","2086",0.549912330858411
"4","2086",0.564908043589413
"5","2086",0.733856296995964
"6","2086",0
"7","2086",0
"8","2086",0
"9","2086",0
"10","2086",0
"11","2086",0
"12","2086",0
"13","2086",0
"14","2086",0
"15","2086",0
"16","2086",0
"17","2086",0
"18","2086",0
"19","2086",0
"20","2086",0
"1","2087",7.69592103031067
"2","2087",0.562244570949147
"3","2087",0.555967258022025
"4","2087",0.571671260273252
"5","2087",0.741489720491875
"6","2087",0
"7","2087",0
"8","2087",0
"9","2087",0
"10","2087",0
"11","2087",0
"12","2087",0
"13","2087",0
"14","2087",0
"15","2087",0
"16","2087",0
"17","2087",0
"18","2087",0
"19","2087",0
"20","2087",0
"1","2088",7.72902648952832
"2","2088",0.563476610442963
"3","2088",0.561527839900636
"4","2088",0.577889699076108
"5","2088",0.74849385651426
"6","2088",0
"7","2088",0
"8","2088",0
"9","2088",0
"10","2088",0
"11","2088",0
"12","2088",0
"13","2088",0
"14","2088",0
"15","2088",0
"16","2088",0
"17","2088",0
"18","2088",0
"19","2088",0
"20","2088",0
"1","2089",7.75910136232533
"2","2089",0.564566051546753
"3","2089",0.566627310243223
"4","2089",0.583598826613742
"5","2089",0.754911960676765
"6","2089",0
"7","2089",0
"8","2089",0
"9","2089",0
"10","2089",0
"11","2089",0
"12","2089",0
"13","2089",0
"14","2089",0
"15","2089",0
"16","2089",0
"17","2089",0
"18","2089",0
"19","2089",0
"20","2089",0
"1","2090",7.78640165808343
"2","2090",0.565529158404046
"3","2090",0.571297768892577
"4","2090",0.588833111461122
"5","2090",0.760785638723678
"6","2090",0
"7","2090",0
"8","2090",0
"9","2090",0
"10","2090",0
"11","2090",0
"12","2090",0
"13","2090",0
"14","2090",0
"15","2090",0
"16","2090",0
"17","2090",0
"18","2090",0
"19","2090",0
"20","2090",0
"1","2091",7.81116484694319
"2","2091",0.566380393526257
"3","2091",0.575570021372896
"4","2091",0.593625808654363
"5","2091",0.766154674108766
"6","2091",0
"7","2091",0
"8","2091",0
"9","2091",0
"10","2091",0
"11","2091",0
"12","2091",0
"13","2091",0
"14","2091",0
"15","2091",0
"16","2091",0
"17","2091",0
"18","2091",0
"19","2091",0
"20","2091",0
"1","2092",7.83361072873747
"2","2092",0.567132605402049
"3","2092",0.579473465201944
"4","2092",0.598008800379715
"5","2092",0.7710569111987
"6","2092",0
"7","2092",0
"8","2092",0
"9","2092",0
"10","2092",0
"11","2092",0
"12","2092",0
"13","2092",0
"14","2092",0
"15","2092",0
"16","2092",0
"17","2092",0
"18","2092",0
"19","2092",0
"20","2092",0
"1","2093",7.85394234440608
"2","2093",0.567797199310105
"3","2093",0.583036015502431
"4","2093",0.602012484290314
"5","2093",0.77552818495795
"6","2093",0
"7","2093",0
"8","2093",0
"9","2093",0
"10","2093",0
"11","2093",0
"12","2093",0
"13","2093",0
"14","2093",0
"15","2093",0
"16","2093",0
"17","2093",0
"18","2093",0
"19","2093",0
"20","2093",0
"1","2094",7.87234690965356
"2","2094",0.568384292178217
"3","2094",0.586284063322615
"4","2094",0.60566570179679
"5","2094",0.779602289047821
"6","2094",0
"7","2094",0
"8","2094",0
"9","2094",0
"10","2094",0
"11","2094",0
"12","2094",0
"13","2094",0
"14","2094",0
"15","2094",0
"16","2094",0
"17","2094",0
"18","2094",0
"19","2094",0
"20","2094",0
"1","2095",7.88899675447005
"2","2095",0.568902852472607
"3","2095",0.589242460868404
"4","2095",0.60899569955211
"5","2095",0.78331097527983
"6","2095",0
"7","2095",0
"8","2095",0
"9","2095",0
"10","2095",0
"11","2095",0
"12","2095",0
"13","2095",0
"14","2095",0
"15","2095",0
"16","2095",0
"17","2095",0
"18","2095",0
"19","2095",0
"20","2095",0
"1","2096",7.90405025541938
"2","2096",0.56936082617602
"3","2096",0.591934528587704
"4","2096",0.612028118177192
"5","2096",0.786683978293503
"6","2096",0
"7","2096",0
"8","2096",0
"9","2096",0
"10","2096",0
"11","2096",0
"12","2096",0
"13","2096",0
"14","2096",0
"15","2096",0
"16","2096",0
"17","2096",0
"18","2096",0
"19","2096",0
"20","2096",0
"1","2097",7.91765275038125
"2","2097",0.569765249939051
"3","2097",0.594382079726346
"4","2097",0.614787003041609
"5","2097",0.789749060176121
"6","2097",0
"7","2097",0
"8","2097",0
"9","2097",0
"10","2097",0
"11","2097",0
"12","2097",0
"13","2097",0
"14","2097",0
"15","2097",0
"16","2097",0
"17","2097",0
"18","2097",0
"19","2097",0
"20","2097",0
"1","2098",7.92993742778055
"2","2098",0.570122352480298
"3","2098",0.596605458591258
"4","2098",0.617294832617313
"5","2098",0.792532070506366
"6","2098",0
"7","2098",0
"8","2098",0
"9","2098",0
"10","2098",0
"11","2098",0
"12","2098",0
"13","2098",0
"14","2098",0
"15","2098",0
"16","2098",0
"17","2098",0
"18","2098",0
"19","2098",0
"20","2098",0
"1","2099",7.94102618430606
"2","2099",0.570437645277929
"3","2099",0.598623589310497
"4","2099",0.619572560560816
"5","2099",0.795057017986919
"6","2099",0
"7","2099",0
"8","2099",0
"9","2099",0
"10","2099",0
"11","2099",0
"12","2099",0
"13","2099",0
"14","2099",0
"15","2099",0
"16","2099",0
"17","2099",0
"18","2099",0
"19","2099",0
"20","2099",0
"1","2100",7.95103044676205
"2","2100",0.570716003546165
"3","2100",0.600454032373394
"4","2100",0.621639668251012
"5","2100",0.797346150436542
"6","2100",0
"7","2100",0
"8","2100",0
"9","2100",0
"10","2100",0
"11","2100",0
"12","2100",0
"13","2100",0
"14","2100",0
"15","2100",0
"16","2100",0
"17","2100",0
"18","2100",0
"19","2100",0
"20","2100",0
